id,nombres,apellidos,direccion,correo,dni,edad,fecha_creacion,telefono
36,Gabriel,Ferrin,Mi casa,agferrin@gmail.com,1234746387,15,2024-05-06 09:50:00,+593-98-341-1576
37,David,Parrales,Su casa,parrales@gmail.com,123474634,15,2024-05-06 00:00:00,+593-98-341-1576
38,David,Parrales,Su casa,parrales@gmail.com,123474634,15,2024-05-06 00:00:00,+593-98-341-1576
39,Gabriel,Ferrin,Mi casa,agferrin@gmail.com,1234746387,15,2024-05-06 00:00:00,+593-98-341-1576
40,Gabriel,Ferrin,Mi casa,agferrin@gmail.com,1234746387,15,2024-05-06 00:00:00,+593-98-341-1576
41,Gabriel,Ferrin,Mi casa,agferrin@gmail.com,1234746387,15,2024-05-06 00:00:00,+593-98-341-1576
42,David,Parrales,Su casa,parrales@gmail.com,123474634,15,2024-05-06 00:00:00,+593-98-341-1576
43,David,Parrales,Su casa,parrales@gmail.com,123474634,15,2024-05-06 00:00:00,+593-98-341-1576
44,Gabriel,Ferrin,Mi casa,agferrin@gmail.com,1234746387,15,2024-05-08 08:33:59,+593-98-341-1576
45,Gabriel,Ferrin,Mi casa,agferrin@gmail.com,1234746387,15,2024-05-08 08:33:59,+593-98-341-1576
46,David,Parrales,Su casa,parrales@gmail.com,123474634,15,2024-05-08 08:33:59,+593-98-341-1576
47,David,Parrales,Su casa,parrales@gmail.com,123474634,15,2024-05-08 08:33:59,+593-98-341-1576
48,David,Parrales,Su casa,parrales@gmail.com,123474634,15,2024-05-08 08:33:59,+593-98-341-1576
49,Gabriel,Ferrin,Mi casa,agferrin@gmail.com,1234746387,15,2024-05-08 08:33:59,+593-98-341-1576
50,David,Parrales,Su casa,parrales@gmail.com,123474634,15,2024-05-08 08:33:59,+593-98-341-1576
51,Gabriel,Ferrin,Mi casa,agferrin@gmail.com,1234746387,15,2024-05-08 08:33:59,+593-98-341-1576
52,Gabriel,Ferrin,Mi casa,agferrin@gmail.com,1234746387,15,2024-05-08 08:42:45,+593-98-341-1576
53,Gabriel,Ferrin,Mi casa,agferrin@gmail.com,1234746387,15,2024-05-08 08:42:45,+593-98-341-1576
54,David,Parrales,Su casa,parrales@gmail.com,123474634,15,2024-05-08 08:42:45,+593-98-341-1576
55,Gabriel,Ferrin,Mi casa,agferrin@gmail.com,1234746387,15,2024-05-08 08:42:45,+593-98-341-1576
56,David,Parrales,Su casa,parrales@gmail.com,123474634,15,2024-05-08 08:42:45,+593-98-341-1576
57,David,Parrales,Su casa,parrales@gmail.com,123474634,15,2024-05-08 08:42:45,+593-98-341-1576
58,David,Parrales,Su casa,parrales@gmail.com,123474634,15,2024-05-08 08:42:45,+593-98-341-1576
59,Gabriel,Ferrin,Mi casa,agferrin@gmail.com,1234746387,15,2024-05-08 08:42:45,+593-98-341-1576
60,Gabriel,Ferrin,Mi casa,agferrin@gmail.com,1234746387,15,2024-05-08 08:43:16,+593-98-341-1576
61,David,Parrales,Su casa,parrales@gmail.com,123474634,15,2024-05-08 08:43:16,+593-98-341-1576
62,David,Parrales,Su casa,parrales@gmail.com,123474634,15,2024-05-08 08:43:16,+593-98-341-1576
63,Gabriel,Ferrin,Mi casa,agferrin@gmail.com,1234746387,15,2024-05-08 08:43:16,+593-98-341-1576
64,Gabriel,Ferrin,Mi casa,agferrin@gmail.com,1234746387,15,2024-05-08 08:43:16,+593-98-341-1576
65,Gabriel,Ferrin,Mi casa,agferrin@gmail.com,1234746387,15,2024-05-08 08:43:16,+593-98-341-1576
66,David,Parrales,Su casa,parrales@gmail.com,123474634,15,2024-05-08 08:43:16,+593-98-341-1576
67,David,Parrales,Su casa,parrales@gmail.com,123474634,15,2024-05-08 08:43:16,+593-98-341-1576
68,Gabriel,Ferrin,Mi casa,agferrin@gmail.com,1234746387,15,2024-05-08 08:44:03,+593-98-341-1576
69,David,Parrales,Su casa,parrales@gmail.com,123474634,15,2024-05-08 08:44:03,+593-98-341-1576
70,Gabriel,Ferrin,Mi casa,agferrin@gmail.com,1234746387,15,2024-05-08 08:44:03,+593-98-341-1576
71,David,Parrales,Su casa,parrales@gmail.com,123474634,15,2024-05-08 08:44:03,+593-98-341-1576
72,Gabriel,Ferrin,Mi casa,agferrin@gmail.com,1234746387,15,2024-05-08 08:44:03,+593-98-341-1576
73,David,Parrales,Su casa,parrales@gmail.com,123474634,15,2024-05-08 08:44:03,+593-98-341-1576
74,Gabriel,Ferrin,Mi casa,agferrin@gmail.com,1234746387,15,2024-05-08 08:44:03,+593-98-341-1576
75,David,Parrales,Su casa,parrales@gmail.com,123474634,15,2024-05-08 08:44:03,+593-98-341-1576